Date,Close,Open,High,Low
01/03/25,485.25,481.99,496,474.01
01/02/25,477.5,452,484,451.51
01/01/25,450.99,448.9,455,444.5
12/31/24,445,460.11,461,443
12/30/24,455,430,459,426
12/27/24,426,424.5,438,421.05
12/26/24,424.51,431,434.98,422
12/24/24,430,440,446.74,425.02
12/23/24,435.67,408.99,435.67,405.02
12/20/24,397.4,386,399.9,385
12/19/24,390,405,409.05,385
12/18/24,408,423.01,433,405.25
12/17/24,419.51,426,435,411.01
12/16/24,426.5,432,434,424.01
12/13/24,431.01,444.51,444.51,425.01
12/12/24,438,419,447.45,418
12/11/24,418.4,415.01,426.5,413.31
12/10/24,415.97,422,433.98,395
12/09/24,419,408,429.44,406
12/06/24,407.5,380,410,380
12/05/24,372.7,378,379.99,371
12/04/24,377,381.01,383,370.14
12/03/24,380,362.49,390.96,360.01
12/02/24,357.47,339,369,333
11/29/24,336.8,329.37,338,324.5
11/28/24,327,325.51,331.99,323.66
11/27/24,325.11,325,329.7,320.9
11/26/24,321,330.51,332.71,315
11/25/24,332,337.76,339.8,330
11/22/24,337.99,334,344.5,328.15
11/21/24,332.9,320.05,344.74,318.5
11/20/24,320.4,321.1,322.4,317
11/19/24,320.49,323,323,320
11/18/24,322,322,324.5,320
11/15/24,321,323,323,320
11/14/24,320.65,320.01,326.77,320
11/13/24,320.13,318.25,323.52,316
11/12/24,315,321,321.63,314
11/11/24,322,325.15,330,320
11/08/24,327,324,332.39,323.23
11/07/24,323.75,309,326,309
11/06/24,313.8,314,316,312
11/05/24,314.5,316,316.25,311
11/04/24,312.3,306.4,313,305
11/01/24,305,300,306,298
10/31/24,297.8,310.51,311.95,297.8
10/30/24,310,314.5,316.95,309.77
10/29/24,313.9,314.34,315.49,310.5
10/28/24,315.85,317,323.5,313.51
10/25/24,316,316.96,324.33,314.01
10/24/24,316.5,313.97,319.19,312.65
10/23/24,312,316,317,311
10/22/24,316,311.97,317,310.04
10/21/24,311,308.27,312.51,308.27
10/18/24,307.55,309.5,311.9,307.55
10/17/24,309.98,312.89,313,309.85
10/16/24,311.51,314,315.95,310.8
10/15/24,313.5,316.9,319,313.17
10/14/24,316.45,321,323,316.1
10/11/24,320.5,322.84,323.73,320.4
10/10/24,321.3,323,325,320
10/09/24,325,325.55,327.98,320.05
10/08/24,325,325,327.5,324
10/07/24,324.9,314.98,324.9,310
10/04/24,313.4,312.5,314.5,311
10/03/24,311.99,310.89,314.25,309.12
10/02/24,308.03,304,310,302.01
10/01/24,304.3,302.11,305,302.11
09/30/24,303.98,310.01,311,302.78
09/27/24,310.02,318.5,318.5,307.02
09/26/24,313.92,319,320.45,313.92
09/25/24,317,318,319.09,313
09/24/24,317,318.15,321.99,316
09/23/24,320,321,322,315.1
09/20/24,319.01,319.5,323,317.91
09/19/24,318.5,317.5,323,315.8
09/18/24,315.99,317.9,318.1,313.75
09/16/24,315.06,317.58,319.4,314.81
09/13/24,318.65,323,323,316
09/12/24,318.89,319,319,315.02
09/11/24,315.16,318.13,319.99,315.16
09/10/24,317.2,317.45,325,315
09/09/24,316.99,320,321.95,314.9
09/06/24,319,322,323,319
09/05/24,322.06,320.01,324.99,317
09/04/24,319.99,317.9,322,317
09/03/24,317,318,318.95,315.1
09/02/24,317,323.1,323.1,315
08/30/24,329,330,337.7,328.5
08/29/24,329,317.25,330.5,317.25
08/28/24,317.15,311.83,318.2,311.83
08/27/24,312.18,321,321,311
08/26/24,318.1,325.99,327.87,317.9
08/23/24,325,329,329.4,324.8
08/22/24,329.2,332,334,327.5
08/21/24,333.45,332.5,334.99,331
08/20/24,333,332.5,333,328.51
08/19/24,332.5,333,334,328.5
08/16/24,332.52,333.1,334,330
08/15/24,332.89,332,337,331
08/13/24,331.85,331,332.96,330
08/12/24,331.1,335.02,338,329.99
08/09/24,336,333.01,338,333.01
08/08/24,333.95,332,335.92,332
08/07/24,335,333.33,338.5,333.33
08/06/24,332.5,330,333.75,327.1
08/05/24,328.92,332,332,328.92
08/02/24,332.01,329.11,333,329.11
08/01/24,331.45,330.02,332.45,329
07/31/24,331,326.99,333.5,326.1
07/30/24,329.76,330,330.95,328.99
07/29/24,328,326.01,332.5,326.01
07/26/24,329.01,330,333,329
07/25/24,330.94,335,337,330
07/24/24,334.5,336,337.25,332.2
07/23/24,331.11,330,336.01,329.5
07/22/24,332.98,335,339.75,328
07/19/24,340.99,348.95,349.4,338.11
07/18/24,347.8,335,350,334.6
07/15/24,333.5,331.33,336,330.15
07/12/24,326.3,325,327,321.9
07/11/24,325,327,327,323.36
07/10/24,325.02,328.99,329.47,325
07/09/24,327,328,329.5,326
07/08/24,327.25,328,329.8,326.26
07/05/24,328,330.31,332.5,325
07/04/24,330.2,331.25,333.45,328.99
07/03/24,330.5,332.9,333.35,330
07/02/24,330,329.16,333.5,329.16
07/01/24,328.5,334,335.5,328.5
06/28/24,332,331.1,334.9,331.1
06/27/24,332.95,338,339.99,331.5
06/26/24,336.9,336.12,341.9,336.07
06/25/24,336.99,331.89,337.99,331.85
06/24/24,330,331.15,335.12,328.51
06/21/24,331.3,339.81,341.5,328.11
06/20/24,338.1,330,341.96,330
06/14/24,335.5,335.88,340.5,330
06/13/24,334,323,334.98,323
06/12/24,323,322,325,317.5
06/11/24,321.9,325.99,325.99,316.01
06/10/24,324,328.5,328.5,321
06/07/24,326.12,327,332,317.2
06/06/24,328,324.52,330.5,324.52
06/05/24,326.9,327.82,330.5,323.33
06/04/24,327.11,332.98,333.99,326.9
06/03/24,332,335.49,337.99,330.9
05/31/24,334,327.75,340,327.66
05/30/24,327.99,333.99,333.99,326.75
05/29/24,331,336.9,338.7,330
05/27/24,337,340.99,340.99,335.8
05/24/24,338.99,339.4,343.9,336.1
05/23/24,336.6,340,340,336
05/22/24,338.01,343.79,345.98,336
05/21/24,342.9,346,347.7,342.1
05/20/24,344.94,352.9,353.9,340.66
05/17/24,351.8,349.98,355,349.5
05/16/24,350,353,353.25,349.2
05/15/24,350.99,355,359.01,349.85
05/14/24,355,352.5,358,348.06
05/13/24,351.5,348.99,355,347.15
05/10/24,346.99,355.31,356.85,332.2
05/09/24,352.8,363.9,364.4,352
05/08/24,362.7,361.7,366,359.81
05/07/24,359.7,365,367,359.5
05/06/24,372.4,366.3,375.9,366.3
05/03/24,364.76,365,366.25,363
05/02/24,362.8,370,371.25,362.8
04/30/24,369.25,370.85,370.85,367.06
04/29/24,370,374.9,377.9,367
04/26/24,368.98,362.72,372.9,361.01
04/25/24,361.6,364.01,369.99,361.01
04/24/24,365,363,368.64,363
04/23/24,363.8,364.01,367.5,361
04/22/24,364.98,363,366.1,363
04/19/24,365,362,366.35,360
04/18/24,364.5,363.7,365.9,354.5
04/17/24,363,364.37,367.99,356
04/16/24,364,366,372,361.96
04/15/24,366.39,371,372,361
04/09/24,370.7,377.5,378.88,369
04/08/24,377.49,376.5,379.75,374.01
04/04/24,375.5,378,387.99,370.1
04/03/24,376.25,358.3,381.1,358.3
04/02/24,358.3,359,360.9,356.01
04/01/24,360,359.25,361.99,354.67
03/29/24,359.25,353.9,361,349.05
03/28/24,356,348.99,362.99,348
03/27/24,347.01,344,348.5,343.01
03/26/24,343.1,339.5,344.39,335.5
03/25/24,340.65,339,344.5,339
03/22/24,341,338.02,342.45,338.02
03/21/24,339,343,343.49,337.5
03/20/24,340.4,338,341,336
03/19/24,337.01,336,337.94,332.02
03/18/24,334.55,335.7,338,332
03/15/24,333.3,335,335,332.5
03/14/24,334.01,335,335.99,332
03/13/24,335,335.98,339,331
03/12/24,335.5,339.51,341.8,333
03/11/24,339.5,343.98,344,338
03/08/24,342,341,352.95,341
03/07/24,342,343.3,346.4,336.01
03/06/24,344,351.22,354,343.5
03/05/24,350,351,358.97,346.1
03/04/24,350.5,350,360.25,348.11
03/01/24,347.74,324,347.74,323.03
02/29/24,323.11,320,327.5,320
02/28/24,319.5,319.2,320.99,318
02/27/24,317.56,318,324.01,315.01
02/26/24,316.5,308.1,320,306
02/23/24,313.1,313.8,316,308
02/22/24,313.5,314.99,314.99,311
02/21/24,312.32,315,315.89,309
02/20/24,310.5,310.62,315.5,310
02/19/24,310.99,307,312.5,300.52
02/16/24,307.4,309,315.5,305
02/15/24,310,317,318.99,307.5
02/14/24,316.01,310.18,317.99,310.18
02/13/24,308.77,309.99,311.89,303.1
02/12/24,310.01,316.2,316.2,308.11
02/09/24,316.5,320,320,307.02
02/07/24,324.95,325.9,326.89,322.01
02/06/24,323,323,325.5,319.01
02/02/24,323.06,319.15,325,319.15
02/01/24,321.95,316.99,322.72,316.05
01/31/24,318,315,318.9,314.99
01/30/24,315.5,322.67,323.5,311
01/29/24,323,327.05,329.7,320.1
01/26/24,328.4,332.03,333.5,328.01
01/25/24,332.35,325,334.4,325
01/24/24,325.9,326.16,328,324.5
01/23/24,326,322.75,327.4,321
01/22/24,322.1,324.01,325,320.35
01/19/24,322,316,328,316
01/18/24,318.49,317,318.8,311
01/17/24,316.5,307.7,317.75,306.01
01/16/24,306,311.73,311.73,305.7
01/15/24,309.5,311.9,313,309
01/12/24,310.98,312,314.88,309.05
01/11/24,309.1,312.99,313.99,309.05
01/10/24,312.89,320.47,321.5,312.05
01/09/24,318.9,316,323.5,316
01/08/24,313.5,299.99,316.45,299.99
01/05/24,296,299.02,299.98,294.93
01/04/24,300.03,299,303.99,298
01/03/24,298,296.9,300.8,294.4
01/02/24,297.49,302,303,295
01/01/24,298.99,295.02,301.9,295.02
12/29/23,293.5,296,298.2,292.57
12/28/23,292.7,291.95,301.9,289.5
12/27/23,290,289.48,290.98,283.76
12/26/23,285.85,292,295,285
12/22/23,293.5,297.88,299.5,292
12/21/23,297.9,302,303,291.76
12/20/23,300,308.89,308.95,293.53
12/19/23,305.52,315.51,316.8,305.01
12/18/23,318.99,322.2,324.99,316.01
12/15/23,323.54,320,324.98,318.05
12/14/23,321.9,319,323.8,314.9
12/13/23,321.3,324.89,327,310
12/12/23,324.01,322.99,329.5,321
12/11/23,321.25,314.9,323.8,309
12/08/23,315.3,312.5,315.75,312
12/07/23,312,313.01,316.85,310.05
12/06/23,311.45,309,313.55,309
12/05/23,309,309.75,313.5,304.5
12/04/23,309.99,305.03,316.89,305.03
12/01/23,304.85,293,305,292.2
11/30/23,292.4,300,302.14,290.1
11/29/23,298.95,297.01,302.88,297
11/28/23,297,296,299.25,295.5
11/27/23,295.5,296,296.9,293.66
11/24/23,294.35,292.67,298,291.6
11/23/23,293.47,291.87,296.75,291.87
11/22/23,293,286.95,294.3,286.95
11/21/23,287.98,287,291.25,286
11/20/23,288.1,290.01,291.9,286.06
11/17/23,291.25,294.5,294.5,290
11/16/23,293.12,294,297.5,292.8
11/15/23,293.5,291.6,294.73,287.5
11/14/23,291.69,292.9,294.75,289
11/13/23,292.69,289,299,289
11/10/23,289.12,283.01,293,283.01
11/08/23,283.5,276.2,285,276.2
11/07/23,277.5,281.99,283.45,276.66
11/06/23,279.45,274.98,279.9,272
11/03/23,273.89,276.55,280,270
11/02/23,276,276.43,283.74,275
11/01/23,277,283,284.9,276.5
10/31/23,280.8,272.7,291,271.1
10/30/23,272.13,271.99,274.9,270.29
10/27/23,270.2,269.11,271.1,269
10/26/23,269.55,269,271.75,269
10/25/23,269,271.11,275,268.15
10/24/23,274.39,272,274.48,270.11
10/23/23,278.5,279.85,285.5,274.5
10/20/23,278.99,277,283.9,276.11
10/19/23,279,265,282.5,265
10/18/23,265.8,265,268,264.32
10/17/23,266.2,268,272.5,266.2
10/16/23,267.1,268.5,269.64,266.5
10/13/23,269.01,266.1,275,264
10/12/23,265,262.2,268.2,260.21
10/11/23,263.1,256,264.19,256
10/10/23,256.3,254.9,256.89,254.2
10/09/23,254.5,253.95,254.75,252
10/06/23,253.74,252.9,254.5,252.4
10/05/23,253.1,251.79,253.6,250.66
10/04/23,250.7,253.01,254.65,250.11
10/03/23,252.61,248,255,248
10/02/23,247.85,243,249.6,243
09/28/23,242,241.7,242,238.05
09/27/23,239.8,242.49,242.49,239.24
09/26/23,241.45,244,244.99,241
09/25/23,242.8,245.02,245.99,242.75
09/22/23,245.5,246.75,246.9,240.5
09/21/23,246.4,247.98,247.98,245.5
09/20/23,245.9,246.49,247.05,245.25
09/19/23,246.89,246.9,247.1,246.01
09/18/23,245.26,247,247.93,244.8
09/15/23,247.5,247.89,249.5,246.31
09/14/23,247,246.71,248.15,246.7
09/13/23,247.1,248.65,248.74,245
09/12/23,248.15,248.05,251,247.8
09/11/23,249.95,253,255,248.8
09/08/23,253.99,255.75,260,253.01
09/07/23,255.1,252.98,256,252.1
09/06/23,253.5,254,254.74,251.75
09/05/23,253,253.95,254.49,251.05
09/04/23,252.99,246.99,254.94,246.99
09/01/23,246.38,247.88,249.89,245.53
08/31/23,246.94,253,255,236.52
08/30/23,253,255,258.4,252.8
08/29/23,255.74,255.8,258,252
08/28/23,258,258,258.11,255.52
08/25/23,257.5,254.75,258.48,253.18
08/24/23,256.25,254,259,254
08/23/23,254,253.97,254,251.46
08/22/23,253,252.99,254.5,252.1
08/21/23,254,256.53,256.9,252.7
08/18/23,256.5,258.95,260,256
08/17/23,259,252.25,266,252.25
08/16/23,269,273.98,273.98,267.01
08/15/23,272.76,272.5,275,271
08/11/23,270.9,267.45,272.4,264.19
08/10/23,265.49,265.01,268.89,264.5
08/09/23,265.74,263.11,267.5,262
08/08/23,262.11,260,266,259.6
08/07/23,259.69,259.9,261.2,256.2
08/04/23,260,263.1,264.5,259.11
08/03/23,263.15,265.9,267.74,262.61
08/02/23,265.5,258,269.85,258
08/01/23,258.05,254.79,261.47,254.25
07/31/23,254.5,254.97,256.95,253.5
07/27/23,254,256.64,257.9,253.95
07/26/23,256.64,259.01,259.01,256.09
07/25/23,257.02,257.5,258.8,256
07/24/23,256.5,257.5,259,256.28
07/21/23,257.99,258.5,260.49,257
07/20/23,258,255.3,261.2,254
07/19/23,253.9,258,258,253.75
07/18/23,256.5,258.01,259.6,255.8
07/17/23,258,261,261.89,257.5
07/14/23,260.8,263.04,265.1,260.55
07/13/23,265.05,268.9,270,264.01
07/12/23,267,269.01,269.45,265.39
07/11/23,268.25,269,270.95,266.5
07/10/23,268.99,271,273.9,268
07/07/23,270.9,274.49,275.88,270.55
07/06/23,273.2,265.8,275,264.99
07/05/23,264.94,269.99,270.5,264
07/04/23,268.37,275.99,275.99,267
07/03/23,275.48,279.38,279.38,269
06/27/23,259.95,264.98,264.98,259
06/26/23,264.88,256,268,256
06/23/23,255,255.7,258.1,254.4
06/22/23,256,259.99,259.99,255.05
06/21/23,258.84,263,263,258
06/20/23,261.06,260.1,262.68,260
06/19/23,261,268.89,268.99,260
06/16/23,266.97,270.6,270.6,266
06/15/23,269.95,270.5,271,267.7
06/14/23,270.9,267,271.2,267
06/13/23,268.89,273.25,273.5,268
06/12/23,272.9,272.1,275,271.1
06/09/23,272.2,274.7,275.87,271.01
06/08/23,273,275.55,278.88,272.5
06/07/23,275.3,276.55,278.9,275.2
06/06/23,277.99,272.8,279.9,272.1
06/05/23,273.6,272.52,275,271.25
06/02/23,274.01,283.25,283.25,274.01
06/01/23,281.9,283.98,283.98,281
05/31/23,283.25,282,284.5,281.5
05/30/23,280.5,280.01,283.65,280.01
05/29/23,280.27,279,286,277.42
05/26/23,278.4,273.13,280.08,273.13
05/25/23,273.88,273,274,271.25
05/24/23,272.2,274,274.1,272
05/23/23,273,271.79,276,270.6
05/22/23,272,270.89,273,270
05/19/23,270.4,269.9,270.89,268
05/18/23,268.5,275.6,275.6,268
05/17/23,273.69,273.7,278.42,273.5
05/16/23,272.5,271.5,275.5,271
05/15/23,270,265.86,271.5,263.01
05/12/23,264.89,264.98,268,264
05/11/23,264.98,262.99,264.99,261.54
05/10/23,261.5,261.52,264.74,261
05/09/23,262.76,267.5,267.5,262
05/08/23,267.03,270.9,270.9,266.7
05/05/23,270.08,267.25,271,265.06
05/04/23,267.49,272,273.75,266.99
05/03/23,272.85,273,273,270
05/02/23,272.2,271.5,277,267.33
04/28/23,307.33,307,310.49,305.11
04/27/23,307.01,306,308.5,303.52
04/26/23,305,314.9,315.8,304.51
04/20/23,309.99,300,314.6,298.1
04/19/23,293.06,287,293.89,285.49
04/18/23,286.5,278.15,287.5,273.02
04/17/23,276.06,273,279,270.9
04/13/23,270.9,273,274.01,270.6
04/12/23,272,275.75,275.75,271.5
04/11/23,273.4,275,276,272
04/10/23,273.8,276,276,273.25
04/07/23,273.11,279,279.2,273
04/06/23,278.44,273.2,279,271.5
04/05/23,271.45,273,273.1,270.13
04/04/23,272,277.99,278,270
04/03/23,274,280,280,271.05
03/31/23,275.5,281.99,281.99,275.5
03/30/23,279.99,280.02,282.49,279.03
03/29/23,280,282,283.79,279.17
03/28/23,282.2,282.99,284,281.35
03/27/23,282,284.25,284.95,281
03/24/23,284.25,283.98,284.32,279
03/22/23,284.1,286.49,288.8,282.95
03/21/23,286.2,287,287.5,284
03/20/23,287,293,293,284.99
03/17/23,292.15,294.9,294.9,291.02
03/16/23,292.55,296.95,296.95,292.51
03/15/23,294.65,298.5,298.5,294.51
03/14/23,297.5,298.99,298.99,297.5
03/13/23,298.5,298.51,299.38,297.4
03/10/23,298.51,299.6,299.94,298.5
03/09/23,299.5,300,300,299.05
03/08/23,299.5,300.5,300.5,299
03/07/23,299.91,300,300.89,299.3
03/06/23,300.04,301.43,301.89,299.01
03/03/23,301.02,304.48,305.98,300.5
03/02/23,304.5,300.44,304.9,299.5
03/01/23,300,300,300.49,297.11
02/28/23,300,297.2,301,297.2
02/27/23,298.5,297.51,298.74,297.5
02/24/23,299,299.5,299.5,297
02/23/23,298.95,298.48,299.24,297
02/22/23,299.9,299.94,300,297.6
02/21/23,299.9,301.5,301.5,299.01
02/20/23,300.04,301.49,301.9,299.75
02/17/23,300.98,299.99,304.78,300
02/16/23,299.75,294.9,301,293.8
02/15/23,298.5,296.01,299.74,294.9
02/14/23,297.5,300,301.9,296
02/13/23,297.75,295.3,299.5,294.29
02/10/23,294.03,295.02,298,290.55
02/09/23,298.9,297.95,302.75,297.5
02/08/23,298,295.96,298,292.1
02/07/23,295.5,299.99,301.49,294.5
02/06/23,300,301.95,302.5,296.25
02/03/23,300.14,308,308.8,298.1
02/02/23,306.5,298,307.15,295.15
02/01/23,297.56,300,302.95,296
01/31/23,299.55,286,299.9,286
01/30/23,284.5,288.9,293.49,284.4
01/27/23,289.63,296.7,296.73,288.66
01/26/23,295,288.26,299.5,286
01/25/23,285.5,275,289.48,275
01/24/23,272.5,265,274,264.99
01/23/23,263.98,266.45,266.45,262.25
01/20/23,265.88,266.2,268.5,263
01/19/23,267,271.5,271.5,266.5
01/18/23,270.02,267.5,270.9,265.5
01/17/23,265.6,273.25,275.99,260.56
01/16/23,274.06,278,278.5,273
01/13/23,278.17,278.99,279.82,276.01
01/12/23,280,282.01,284,279
01/11/23,280.56,284.7,285,279.2
01/10/23,284.32,282,286.8,282
01/09/23,280.2,284,285,279.23
01/06/23,284.68,279.4,287.98,276.98
01/05/23,278.5,272.49,279.5,272.49
01/04/23,270.7,271,274.99,269
01/03/23,269.85,271.5,272,263.11
01/02/23,270.24,262.99,274.99,262.99
12/30/22,262,259.01,264,259.01
12/29/22,260.8,257.01,261.98,256.18
12/28/22,257,263,263,253.5
12/27/22,260.25,265.45,265.45,260.25
12/26/22,264.9,259,265.4,259
12/23/22,261,262,263,257.5
12/22/22,262.12,262,265,260.11
12/21/22,260,264.9,268,259.7
12/20/22,264,273,273.25,264
12/19/22,272.71,276.01,276.01,272
12/16/22,275.5,277.05,281,274.6
12/15/22,277,282,289.19,276
12/14/22,268,269.2,271,266.31
12/13/22,269.5,261,270,260.5
12/12/22,260.62,261.5,262.5,260.35
12/09/22,262.01,265.34,265.34,261.14
12/08/22,262.15,264.25,264.25,260.15
12/07/22,261.9,263,264.95,261.05
12/06/22,261.5,261.1,263.89,260.5
12/05/22,260.6,266.7,267.25,260.2
12/02/22,266,265.95,268.1,262.1
12/01/22,264.1,263.97,267.9,262.99
11/30/22,262.5,261.45,264.49,258.76
11/29/22,259.4,261.1,268.99,257.51
11/28/22,262.02,264.5,265.2,258.1
11/25/22,268.4,266,269.89,266
11/24/22,264,261.5,266.01,261.01
11/23/22,262,260.38,262.75,259.3
11/22/22,260.15,254.25,266.5,254.25
11/21/22,254.75,255,258.95,253.5
11/18/22,257.5,257.85,261,253.16
11/17/22,256.7,261,261,254.5
11/16/22,257.7,245.4,262.85,244.25
11/15/22,244.51,241.95,244.75,240.17
11/14/22,241.71,243.09,244.8,241.06
11/11/22,245,245,246.25,244
11/10/22,245,243,246.6,243
11/08/22,244.1,240.11,245,240.11
11/07/22,241.25,239.5,242.5,239.5
11/04/22,241.99,239.94,242.49,237
11/03/22,240.83,240.48,241,237.7
11/02/22,240.3,238.99,242.1,237.7
11/01/22,239,235.5,239.89,235.5
10/31/22,236,235.9,236.4,234.2
10/28/22,234.62,233.6,236.36,232
10/27/22,244.9,243.06,248.5,243.06
10/26/22,246.29,248.99,249,244.75
10/25/22,248.5,246.2,249.74,246
10/24/22,247.25,248.2,248.79,246.9
10/21/22,246.26,244.9,247,242.2
10/20/22,243.97,243.5,244.5,241.51
10/19/22,242.3,239,242.99,237.6
10/18/22,236,235.48,237.48,235.01
10/17/22,235.9,237.95,238,235.51
10/14/22,237.49,237.95,238,236.8
10/13/22,237.4,237.52,238,236.51
10/12/22,237.6,238.99,239.5,236.9
10/11/22,238.5,238.01,241.1,237.6
10/10/22,238.3,240,242,236.8
10/07/22,239.6,236.4,242,235
10/06/22,236.25,231.3,237.5,231.3
10/05/22,232.39,233.65,234,232
10/04/22,233,231,233.5,231
10/03/22,230.99,230.4,233.13,230.2
09/30/22,231.1,231.75,232.3,229
09/29/22,229.5,231.81,232.75,229.02
09/28/22,232.25,231.51,248.66,231
09/27/22,232.01,234.4,234.4,229.2
09/26/22,233.8,230.99,234,230
09/23/22,229.91,234.5,234.5,229.25
09/22/22,233.9,233,235,229.1
09/21/22,233,233.9,234,230
09/20/22,233,233.4,233.99,231.5
09/19/22,233.21,231,237.7,229.49
09/16/22,229.42,229.95,234.49,225.3
09/15/22,226.5,231,231.9,226.01
09/14/22,230.58,232.45,232.95,230
09/13/22,233,231.75,233,230.7
09/12/22,230.98,231.9,231.9,230.5
09/09/22,231.02,232.75,232.96,230
09/08/22,231.2,232.48,232.55,230.8
09/07/22,231,232.1,234.49,230.82
09/06/22,232.99,234,235.99,232.1
09/05/22,234,238.99,238.99,232.75
09/02/22,238,239.85,239.97,237.5
09/01/22,238.26,240,240.15,238
08/31/22,238.74,242.39,242.39,237.06
08/30/22,239.5,243.6,246,238.81
08/29/22,243.5,240.25,243.5,238.75
08/26/22,243.5,248.39,248.39,240
08/25/22,245.5,249,249.25,244.5
08/24/22,258.65,256,260.99,254.75
08/23/22,255.9,252,256,252
08/22/22,250.99,252,253,250
08/19/22,251.71,253,253,251.21
08/18/22,252.2,255.79,255.79,251
08/17/22,253.5,254.9,260,253
08/16/22,252,249,254.1,248
08/15/22,248.25,243.05,249,243.05
08/12/22,243.01,242,245.99,240.7
08/11/22,240.95,244,245.5,240
08/10/22,242.05,239.01,246,239.01
08/05/22,238.1,238.99,240,236.13
08/04/22,237.74,239.84,241,236.8
08/03/22,238.25,236,238.95,236
08/02/22,236,230.05,238.47,228
08/01/22,232.9,235,238,232
07/29/22,234.62,236.9,237,234
07/28/22,236.99,239.98,242.7,235.7
07/27/22,238.9,242,243.5,235
07/26/22,241.84,246.9,246.9,240.25
07/25/22,242.99,245,245,241.5
07/22/22,245,245.99,246,241.05
07/21/22,243.75,244,244,241.05
07/20/22,243.8,244.9,245.99,243.01
07/19/22,242,253.9,254.95,240.51
07/18/22,251.9,255.89,256.8,251.03
07/15/22,256.73,257.5,258.89,254.6
07/14/22,258,253.5,258.25,253.5
07/13/22,253.4,253,253.4,250.21
07/07/22,251.8,253.94,253.94,251.5
07/06/22,252.5,255.79,257,252
07/05/22,253.3,253.02,255,253.02
07/04/22,253.82,256.01,257,252.9
07/01/22,255.99,256.04,258.5,255.51
06/30/22,259,255.76,259,254.75
06/29/22,255.88,258.75,258.75,255.01
06/28/22,257.01,257.15,259.25,257
06/27/22,257,254.95,258.05,254.95
06/24/22,254.5,263.9,264.34,247
06/23/22,263.55,263.01,265.5,263.01
06/22/22,263.39,265.49,265.95,262.25
06/21/22,264.49,263.35,264.93,262.75
06/20/22,264,265,266.4,262
06/17/22,264.27,261.94,265.25,260.75
06/16/22,261.5,261.7,261.99,260.76
06/15/22,261.77,261.9,262.24,261
06/14/22,261.55,260.56,263.2,258.9
06/13/22,260.98,262.05,263.83,260.51
06/10/22,264,261.05,264.11,261.01
06/09/22,261.1,263.1,263.57,261
06/08/22,260.52,263,263.97,260.1
06/07/22,262.01,264.7,264.95,262
06/06/22,262.6,260,264.99,260
06/03/22,262.13,264.2,264.2,261
06/02/22,264.3,267.2,269,263.13
06/01/22,267.5,268.08,270.31,266
05/31/22,268.32,268,269.8,264.01
05/30/22,266,269.89,269.89,263
05/27/22,265.22,270,271,264
05/26/22,267.5,262,267.5,262
05/25/22,262.3,266.49,267,258.5
05/24/22,264.5,265.5,267,263.03
05/23/22,264.21,269,269,264
05/20/22,267.59,270.39,270.39,265.75
05/19/22,268,266.66,270,266.41
05/18/22,266.5,268.5,270.15,266.4
05/17/22,268,268.98,268.98,266.11
05/16/22,267,272.4,272.4,266
05/13/22,270.01,269.98,270.99,267
05/12/22,268,272.46,272.46,266
05/11/22,270.99,273,273,267.11
05/10/22,273,272.49,273,270
05/09/22,269.99,275.01,276.4,268.82
05/06/22,275.48,278.85,278.85,272.25
04/28/22,278,278,279.63,273
04/27/22,278.3,278.11,282,278
04/26/22,290.25,289.99,296.5,289.51
04/25/22,290.1,286.04,291.89,283.01
04/22/22,284.7,287.2,288.94,284
04/21/22,287,294.99,297,285
04/20/22,294.05,296,298.4,294
04/19/22,295.99,291.9,297.84,290.5
04/18/22,289.98,290.35,294.5,288.55
04/15/22,292.1,288.6,295,288
04/14/22,287.45,280.5,289.99,279
04/13/22,279.9,279,281.65,278
04/12/22,279.95,279.62,280.05,277
04/11/22,279.45,276.1,281.45,276.1
04/08/22,271.5,270.01,273,270.01
04/07/22,270,274.49,277,269.5
04/06/22,271.5,266,272.8,265.05
04/05/22,266,265.1,268.78,265
04/04/22,266,268.51,268.51,264
04/01/22,270.3,268.75,272.5,265.05
03/31/22,268.15,264.2,268.15,264.15
03/30/22,264,264.25,265.32,262.91
03/29/22,263,263.05,264.75,262.52
03/28/22,262,266,266,262
03/25/22,263.75,265,265,263
03/24/22,264,267,267,262.4
03/22/22,265,261,267.01,261
03/21/22,262.2,266.9,266.9,262
03/18/22,263.02,266,266.1,262.15
03/17/22,266.49,269,269,266
03/16/22,267.79,269,269.44,267
03/15/22,269,270.45,270.45,267.25
03/14/22,267.8,266.1,271,266.1
03/11/22,268.73,271.81,271.9,267.03
03/10/22,270.25,271.81,271.81,268.9
03/09/22,269,264.1,272,264.1
03/08/22,265.99,265.6,269.99,265.1
03/07/22,266.5,272.01,272.01,265.1
03/04/22,272.52,269,275,267.67
03/03/22,269.3,268.23,270,266.5
03/02/22,268.5,273.67,273.67,267
03/01/22,274,275.01,275.25,272.5
02/28/22,274,269.95,274,266.5
02/25/22,268.25,268.5,269.9,265
02/24/22,265.06,270,272,264.5
02/23/22,272,275.89,275.89,271
02/22/22,273.9,276,276.27,270.7
02/21/22,276.05,276.51,277.7,275.02
02/18/22,276.5,275,276.94,274
02/17/22,275,277,278.49,273.1
02/16/22,286,284.9,286.99,281.72
02/15/22,284.8,281.1,284.9,280.51
02/14/22,282.9,284,284,278.35
02/11/22,285.7,287.75,288.18,283.61
02/10/22,287.5,288.01,290.8,286.01
02/09/22,290.15,285.55,291.7,285.55
02/08/22,284.1,275.51,284.81,274.25
02/07/22,275.76,274.65,275.77,274
02/04/22,273.4,275.44,278.37,273
02/03/22,273.7,276.99,278,273.26
02/02/22,274.51,271.71,275.5,271.71
02/01/22,273.4,272.24,273.6,270.56
01/31/22,272.5,272,272.6,270.52
01/28/22,271.1,272.9,272.9,270.7
01/27/22,271,271.02,272.7,270.5
01/26/22,271.79,272.72,272.72,270.01
01/25/22,270.9,273.5,273.95,270.14
01/24/22,273.1,272.93,273.9,270.05
01/21/22,271.75,272.39,272.4,271.01
01/20/22,270.01,272.66,273.79,270
01/19/22,272.5,275.2,277.4,271.75
01/18/22,275.5,273.5,275.75,271.4
01/17/22,272.5,272.84,272.92,271.01
01/14/22,272.1,271.51,273.1,271.25
01/13/22,272.1,272.95,273.73,270.4
01/12/22,271.99,272,274,271.2
01/11/22,272,274.99,275,270.12
01/10/22,274,275.02,277.81,273.51
01/07/22,276.35,274.8,278.49,272.4
01/06/22,273.95,275,275,273
01/05/22,275,276,276,273.6
01/04/22,275.2,276.38,278.78,274.95
01/03/22,276.41,272,278,271.26
12/31/21,272.42,268.06,274,268.06
12/30/21,271.5,264.4,271.89,264.4
12/29/21,265.1,265.4,267.5,264
12/28/21,265.71,266.69,270,265
12/27/21,267.5,268.9,268.99,267.45
12/24/21,268.1,269,269.2,267.25
12/23/21,269.15,269.5,269.98,268
12/22/21,268.5,270.45,270.45,267.76
12/21/21,269,271.99,272.5,268.06
12/20/21,271.05,269.5,273.07,267.4
12/17/21,267.9,270,270.8,266.99
12/16/21,268,271.51,272.99,268
12/15/21,272.26,269,275,269
12/14/21,269.4,271,271,266
12/13/21,269.62,271,274,269
12/10/21,270.5,271.9,271.9,267
12/09/21,270.5,270,273.9,268.69
12/08/21,270.02,274,275,270
12/07/21,274,278.4,280,270.1
12/06/21,276,278,280.5,275.06
12/03/21,274,273,286,270.01
12/02/21,270.5,278,280,265.31
12/01/21,279.7,280,280,276.1
11/30/21,278,282.3,287.8,275.07
11/29/21,282.54,276.01,284.1,275
11/26/21,279.9,271.2,282,271.2
11/25/21,274.5,274.1,279,272
11/24/21,275.48,284.48,284.48,275
11/23/21,283.99,286.45,286.45,283.5
11/22/21,284.8,290.49,290.49,284
11/19/21,289.53,282.45,290,281.95
11/18/21,280.97,285.5,286,280
11/17/21,284,284.9,284.9,282.56
11/16/21,284,285,285.5,283.21
11/15/21,283.21,281,284.33,278.22
11/12/21,279.94,284.49,284.49,279.1
11/11/21,284.17,283.5,286,283
11/10/21,284,278.1,284,278.05
11/09/21,277.65,281.9,283,276.25
11/08/21,280.05,284.96,284.96,279.5
11/05/21,283,284.49,285,282.5
11/04/21,283,283.5,284,280.6
11/03/21,280.1,284.5,284.5,279
11/02/21,287.98,289.94,290,286.5
11/01/21,288.89,283,290,283
10/29/21,283,282.01,285,282
10/28/21,283,284.99,285.2,282.5
10/27/21,284,285.99,294.38,282.05
10/26/21,283.03,279,285.9,279
10/25/21,283.32,280.51,284.98,279.7
10/22/21,283.01,294.94,294.94,283.01
10/21/21,291.5,283.44,296.5,278.55
10/20/21,282.4,274,283.81,274
10/18/21,275.5,270.5,277.9,269
10/15/21,272.05,270,274.1,268
10/14/21,267.5,265.26,272,265.25
10/13/21,266.84,271,271,265.03
10/12/21,270,270,271,265
10/11/21,268.26,272.89,273,268
10/08/21,275.01,274.77,278.9,274.77
10/07/21,276,278.48,280,275.25
10/06/21,277,280,281,276.5
10/05/21,279.99,283.4,283.4,278.7
10/04/21,282,280,282.97,278
10/01/21,280.95,281.94,288.99,278.26
09/30/21,279.55,277.44,281,273.9
09/29/21,278,281.24,282,273.86
09/28/21,279.9,278.5,282.49,277.5
09/27/21,278.7,275.51,280,275.51
09/24/21,276.3,275,280,272.11
09/23/21,275,280.5,281.3,273
09/22/21,278.73,278.89,279,274.85
09/21/21,279.5,280,282.5,278.2
09/20/21,281,282.75,283.89,275.1
09/17/21,284,286.6,289,280.99
09/16/21,287.25,285,288.99,285
09/15/21,285.5,286.49,286.49,284.01
09/14/21,283.97,286,287,282
09/13/21,286,286.1,286.1,284.5
09/10/21,285.99,286.7,287.5,284.5
09/09/21,285.92,286.4,286.4,282.8
09/08/21,283.99,290,290,281.99
09/07/21,290.49,291,291.94,288.5
09/06/21,290.37,291.38,293.45,288
09/03/21,292.6,293.5,293.5,291.9
09/02/21,292,296.85,296.9,292
09/01/21,296,294.5,297.98,294
08/31/21,294,294.9,294.9,293.7
08/30/21,295.1,291.55,295.1,289.9
08/27/21,290.6,294,295.75,290
08/26/21,293.5,296,298,293.5
08/25/21,295.5,298,298.35,295
08/24/21,295.75,302,302,295.55
08/23/21,303,298.9,304.9,298
08/20/21,297.23,297.5,301,296.88
08/17/21,297,298.97,299.98,296.1
08/16/21,296,296.08,298,293.12
08/13/21,296,297.92,297.93,295.01
08/12/21,297.01,296.05,299.25,296.05
08/11/21,298,300,301.25,295.52
08/10/21,293.5,292.98,293.66,291
08/09/21,291.5,294.5,295.15,290
08/06/21,293.95,295,295.9,293.95
08/05/21,294,294.95,296.49,293.47
08/04/21,294.7,295.49,298.2,293.22
08/03/21,294.71,297,297.25,294.51
08/02/21,295.6,296,296.5,294.02
07/30/21,294.9,296.5,300.25,293.09
07/29/21,296.4,297,298,294.25
07/28/21,296.5,300,300,295.05
07/27/21,297,297.5,298.01,296
07/26/21,296.5,294.95,298.99,293.01
07/23/21,293.75,296.45,296.95,292.5
07/19/21,294.5,295.22,297.5,294.4
07/16/21,295.9,299,299,295.62
07/15/21,297.39,297.97,297.97,295.42
07/14/21,297,297.46,297.46,295.1
07/13/21,296.9,295.02,297.48,295.02
07/12/21,296,298.39,298.39,295
07/09/21,297.5,300.45,300.45,295.8
07/08/21,299,296,300.65,296
07/07/21,296,295.06,296.25,293.01
07/06/21,295.94,294,298.32,294
07/05/21,294,296.9,296.9,293.9
07/02/21,296,294.51,297.95,294.51
07/01/21,295.7,296,298.6,295.01
06/30/21,295.5,299.95,299.95,293.99
06/29/21,299.8,296,299.8,296
06/28/21,295.89,297,297.79,294
06/25/21,298,299.9,299.99,297
06/24/21,299.9,299.5,300.99,298.5
06/23/21,300.5,301.45,301.45,299.5
06/22/21,300.5,300,302.49,299.1
06/21/21,300.38,301,301.01,299
06/18/21,303,297.66,303.9,297.66
06/17/21,300.81,303,303,300
06/16/21,299.98,304.8,304.8,299.98
06/15/21,303,305.1,306.27,303
06/14/21,305.5,308.7,308.7,305
06/11/21,305.79,307,307.01,303
06/10/21,317.2,315.5,317.2,314.22
06/09/21,314.39,316,316.75,313.68
06/08/21,316,317.75,317.75,315
06/07/21,316.51,316.9,319,316
06/04/21,316,317.2,317.2,315
06/03/21,315.5,318.01,318.8,313.1
06/02/21,318.9,319,320.3,317.5
06/01/21,318.5,315,320.95,314.1
05/31/21,314.9,313.25,317.99,313.25
05/28/21,312.74,312.75,313.09,311
05/27/21,311.9,313,314.99,310
05/26/21,312.5,310.99,317,310.99
05/25/21,309.05,308.5,311,308.5
05/24/21,309.1,311.92,311.92,305
05/21/21,308.99,309.99,309.99,307.5
05/20/21,309.4,309,310.49,307.02
05/19/21,308.97,305,309.5,305
05/18/21,307.05,306.04,307.99,303.5
05/17/21,304.51,303,308,303
05/06/21,304,302,304.99,300.03
05/05/21,302,300,302.7,297
05/04/21,299.5,298.49,300,296.01
05/03/21,297,296,297,292.01
04/30/21,296,299.9,299.9,295
04/29/21,297.05,297.11,301.94,297.05
04/28/21,302.2,300,304.35,300
04/27/21,300.4,306,307.19,297.05
04/26/21,306,298.9,307.5,293
04/23/21,298.02,302.95,303,296.5
04/22/21,301.5,304,308,300.75
04/21/21,300,294,303.6,294
04/20/21,293,294.7,297.45,291.12
04/19/21,294,287.99,294.9,284.75
04/16/21,289.94,287.95,290,286.17
04/15/21,288.51,288.93,292.5,287.86
04/14/21,287.5,288,289.5,285
04/13/21,287.5,292.98,292.98,285.31
04/12/21,291.01,297.5,297.5,290.99
04/09/21,297.49,303.7,309.51,296
04/08/21,305.2,304.5,308.99,302.25
04/07/21,306.99,309.9,309.99,299
04/06/21,308,304,310,304
04/05/21,306.24,299.99,311,294.04
04/02/21,299.44,300.99,310,295.41
04/01/21,298.11,278.44,298.11,278.44
03/31/21,278.7,277.8,279,273.51
03/30/21,273,278.01,279,272.75
03/29/21,277.5,283.75,284.95,276
03/26/21,282.93,285,285,282
03/25/21,283.5,287.95,290,283.05
03/24/21,287,289,293.47,286
03/22/21,290,285,292.49,285
03/19/21,286.15,288.99,290.5,284.5
03/18/21,288,293,293.5,284.53
03/17/21,291.5,290.9,293.99,290.89
03/16/21,288,288.65,290.01,285.55
03/15/21,288,292,294.98,280.51
03/12/21,289.92,290.79,295,289
03/11/21,292,298.98,298.98,290
03/10/21,296.77,300.5,300.5,294.8
03/09/21,298.99,300.5,303,297.06
03/08/21,301.99,306,306.5,300.02
03/05/21,304.52,303,306,300.15
03/04/21,302.75,302,305,299
03/03/21,305.9,305.95,306,304.25
03/02/21,305,304.9,305,302.3
03/01/21,304.25,303.75,304.25,300
02/26/21,302.97,303.75,304,301.5
02/25/21,302.25,301.98,304.75,299.05
02/24/21,298,300.1,303.5,298
02/23/21,302.01,300.6,302.57,298.8
02/22/21,299,302.51,303.5,297.26
02/19/21,302.01,302,305.15,301
02/18/21,303,305,305,301.11
02/17/21,310,310,310.5,309
02/16/21,308.02,306,309.99,304.52
02/15/21,305.75,303,307.2,303
02/12/21,301.65,304,306,301
02/11/21,303,308.01,308.01,303
02/10/21,308,307.31,309,305
02/09/21,307,310,310.74,307
02/08/21,308.7,315.25,315.25,308
02/04/21,314.5,317,317,313.1
02/03/21,313.55,313.4,315.5,312
02/02/21,311,313,317.55,310.1
02/01/21,312.7,308,314.2,307.2
01/29/21,307.49,307.02,309.5,307
01/28/21,307.5,310.01,310.99,307
01/27/21,309.8,310.5,311.9,309.5
01/26/21,310.5,309.5,311.5,308.25
01/25/21,308.5,309,311.45,308
01/22/21,308.76,311.75,311.75,308.02
01/21/21,310.95,309.25,311.5,306.9
01/20/21,307.04,310,310,306.3
01/19/21,311.49,311.1,312.75,309.5
01/18/21,311.8,312.03,314,311.11
01/15/21,313.03,315.1,315.2,312.01
01/14/21,314.24,317,317.25,313.8
01/13/21,316.75,319.9,320,315.2
01/12/21,317.59,320,320,316.65
01/11/21,318.25,321,321.56,317.5
01/08/21,318.9,317,321.49,317
01/07/21,315.75,313.49,316.5,311.15
01/06/21,312,309.95,312.74,308.5
